,1b3o,1jr1,1nf7,1nfb,1uum,1uuo,2gjl,2gjn,4ori,4q4k,6bka,6e2a,6i0m,6i0o,6u8e,6u8r,6u8s,6u9o,6ua2,6ua4,6ua5,6uaj,6uc2,6udo,6udp
1b3o,0.0,0.54,0.56,0.43,3.22,3.14,2.5,2.48,3.15,2.32,3.02,2.55,0.52,0.79,1.11,1.14,1.13,1.03,1.18,1.06,1.14,0.94,1.26,0.79,1.02
1jr1,0.54,0.0,2.64,2.97,3.62,3.5,3.77,3.36,3.54,3.42,3.83,3.76,2.27,2.08,0.62,1.63,0.72,1.93,2.16,2.0,0.72,2.03,2.76,1.97,0.5
1nf7,0.56,2.64,0.0,2.0,3.62,3.61,3.42,3.4,3.55,3.59,3.88,3.8,3.54,3.5,1.01,3.51,1.05,3.41,3.38,3.68,1.06,3.4,3.79,3.42,0.91
1nfb,0.43,2.97,2.0,0.0,3.67,3.66,3.09,3.08,3.61,3.14,3.66,3.12,3.36,2.99,1.62,3.48,1.66,3.12,3.43,3.26,1.66,3.24,3.81,3.21,1.57
1uum,3.22,3.62,3.62,3.67,0.0,1.12,3.37,3.36,1.17,5.23,3.9,4.66,3.57,3.55,3.67,3.51,3.53,3.51,3.58,3.5,3.64,3.52,3.7,3.47,3.76
1uuo,3.14,3.5,3.61,3.66,1.12,0.0,3.25,3.3,0.59,3.72,3.82,3.2,3.56,3.62,3.47,3.51,3.53,3.42,3.65,3.46,3.56,3.52,3.61,3.51,3.58
2gjl,2.5,3.77,3.42,3.09,3.37,3.25,0.0,0.17,4.41,2.95,3.33,0.44,2.93,3.0,3.61,3.57,3.63,3.56,3.52,3.6,3.63,3.39,3.2,3.78,3.87
2gjn,2.48,3.36,3.4,3.08,3.36,3.3,0.17,0.0,4.41,2.94,3.26,0.44,2.92,2.99,3.34,3.39,3.41,3.55,3.55,3.4,3.63,3.38,3.19,3.77,3.8
4ori,3.15,3.54,3.55,3.61,1.17,0.59,4.41,4.41,0.0,4.22,5.12,3.36,3.44,3.47,3.49,3.49,3.46,3.55,3.48,3.58,3.69,3.46,3.54,3.55,3.41
4q4k,2.32,3.42,3.59,3.14,5.23,3.72,2.95,2.94,4.22,0.0,1.99,2.92,3.0,2.66,3.58,3.58,3.6,3.56,3.6,3.6,3.6,3.82,3.33,3.54,3.57
6bka,3.02,3.83,3.88,3.66,3.9,3.82,3.33,3.26,5.12,1.99,0.0,3.32,3.56,3.4,3.9,3.82,3.9,3.79,3.85,3.84,3.89,3.91,3.68,3.85,3.91
6e2a,2.55,3.76,3.8,3.12,4.66,3.2,0.44,0.44,3.36,2.92,3.32,0.0,2.97,3.03,3.63,3.59,3.64,3.58,3.55,3.63,3.47,3.35,3.23,3.85,3.87
6i0m,0.52,2.27,3.54,3.36,3.57,3.56,2.93,2.92,3.44,3.0,3.56,2.97,0.0,0.4,1.28,1.55,1.32,1.25,1.4,1.21,1.33,1.24,1.64,1.18,1.28
6i0o,0.79,2.08,3.5,2.99,3.55,3.62,3.0,2.99,3.47,2.66,3.4,3.03,0.4,0.0,1.32,1.51,1.34,1.34,1.52,1.35,1.37,1.26,1.31,1.16,1.29
6u8e,1.11,0.62,1.01,1.62,3.67,3.47,3.61,3.34,3.49,3.58,3.9,3.63,1.28,1.32,0.0,0.41,0.39,0.46,0.66,0.45,0.44,1.13,2.03,0.52,0.48
6u8r,1.14,1.63,3.51,3.48,3.51,3.51,3.57,3.39,3.49,3.58,3.82,3.59,1.55,1.51,0.41,0.0,0.46,1.2,1.57,1.31,0.46,1.51,2.23,1.28,0.57
6u8s,1.13,0.72,1.05,1.66,3.53,3.53,3.63,3.41,3.46,3.6,3.9,3.64,1.32,1.34,0.39,0.46,0.0,0.48,0.62,0.48,0.44,1.08,2.13,0.56,0.57
6u9o,1.03,1.93,3.41,3.12,3.51,3.42,3.56,3.55,3.55,3.56,3.79,3.58,1.25,1.34,0.46,1.2,0.48,0.0,0.99,0.73,0.52,0.95,1.92,0.62,0.49
6ua2,1.18,2.16,3.38,3.43,3.58,3.65,3.52,3.55,3.48,3.6,3.85,3.55,1.4,1.52,0.66,1.57,0.62,0.99,0.0,0.74,0.65,1.17,1.84,1.0,0.76
6ua4,1.06,2.0,3.68,3.26,3.5,3.46,3.6,3.4,3.58,3.6,3.84,3.63,1.21,1.35,0.45,1.31,0.48,0.73,0.74,0.0,0.49,1.06,1.9,0.72,0.47
6ua5,1.14,0.72,1.06,1.66,3.64,3.56,3.63,3.63,3.69,3.6,3.89,3.47,1.33,1.37,0.44,0.46,0.44,0.52,0.65,0.49,0.0,1.11,2.13,0.59,0.57
6uaj,0.94,2.03,3.4,3.24,3.52,3.52,3.39,3.38,3.46,3.82,3.91,3.35,1.24,1.26,1.13,1.51,1.08,0.95,1.17,1.06,1.11,0.0,1.75,0.94,1.12
6uc2,1.26,2.76,3.79,3.81,3.7,3.61,3.2,3.19,3.54,3.33,3.68,3.23,1.64,1.31,2.03,2.23,2.13,1.92,1.84,1.9,2.13,1.75,0.0,1.87,2.16
6udo,0.79,1.97,3.42,3.21,3.47,3.51,3.78,3.77,3.55,3.54,3.85,3.85,1.18,1.16,0.52,1.28,0.56,0.62,1.0,0.72,0.59,0.94,1.87,0.0,0.34
6udp,1.02,0.5,0.91,1.57,3.76,3.58,3.87,3.8,3.41,3.57,3.91,3.87,1.28,1.29,0.48,0.57,0.57,0.49,0.76,0.47,0.57,1.12,2.16,0.34,0.0
