,1b3o,1jr1,1nf7,1nfb,1uum,1uuo,2gjl,2gjn,4ori,4q4k,6bka,6e2a,6i0m,6i0o,6u8e,6u8n,6u8r,6u8s,6u9o,6ua2,6ua4,6ua5,6uaj,6uc2,6udo,6udp,6udq
1b3o,1.0,0.97034,0.99253,0.99554,0.65533,0.6536,0.64897,0.64972,0.65979,0.62513,0.60888,0.65126,0.98713,0.98398,0.97205,0.03814,0.97668,0.97292,0.9792,0.97233,0.97907,0.97271,0.97993,0.96274,0.98092,0.97856,0.03313
1jr1,0.67778,1.0,0.84836,0.76836,0.4917,0.49041,0.51902,0.51953,0.49389,0.50891,0.50365,0.52107,0.87117,0.82789,0.81804,0.02596,0.96265,0.81827,0.94723,0.94165,0.95002,0.81825,0.94131,0.8364,0.95055,0.82209,0.02595
1nf7,0.66604,0.81535,1.0,0.82434,0.47163,0.47128,0.49904,0.49968,0.47429,0.49069,0.48405,0.50123,0.7775,0.74443,0.79344,0.02565,0.84949,0.794,0.86085,0.84374,0.84988,0.79412,0.85703,0.75695,0.85955,0.79775,0.01682
1nfb,0.76495,0.84309,0.94153,1.0,0.53583,0.53526,0.54949,0.55028,0.53804,0.53266,0.52529,0.55151,0.8565,0.83459,0.80764,0.02871,0.86972,0.80789,0.87763,0.86593,0.87003,0.80813,0.87294,0.83427,0.87571,0.81261,0.02352
1uum,0.57799,0.59903,0.59619,0.59837,1.0,0.97114,0.53029,0.53084,0.97879,0.43076,0.50354,0.43575,0.59961,0.58979,0.59741,0.03425,0.59958,0.59494,0.59933,0.5995,0.59607,0.598,0.59908,0.58956,0.59985,0.59657,0.034
1uuo,0.57509,0.59583,0.59406,0.59611,0.96839,1.0,0.52913,0.52913,0.98712,0.51228,0.51564,0.53062,0.5974,0.58758,0.5928,0.03301,0.59445,0.58973,0.59435,0.5973,0.5933,0.5927,0.59691,0.5884,0.59516,0.5919,0.02945
2gjl,0.61171,0.68022,0.67953,0.66081,0.56772,0.56814,1.0,0.99931,0.46316,0.84142,0.81783,0.9965,0.65156,0.62375,0.67933,0.0332,0.67864,0.67699,0.68131,0.67553,0.67934,0.67644,0.67884,0.63605,0.68069,0.67963,0.03291
2gjn,0.61239,0.68177,0.68064,0.66188,0.56834,0.56802,0.99931,1.0,0.46436,0.84175,0.81725,0.99669,0.65232,0.62454,0.68003,0.03322,0.67984,0.67852,0.6818,0.67646,0.68004,0.67683,0.67942,0.63663,0.6812,0.67959,0.03292
4ori,0.5742,0.59446,0.59241,0.59345,0.96516,0.97606,0.42924,0.4303,1.0,0.4798,0.41233,0.52832,0.59507,0.58514,0.59294,0.03265,0.59187,0.58986,0.59341,0.59074,0.59269,0.59168,0.59434,0.58705,0.5939,0.59144,0.03571
4q4k,0.54681,0.62063,0.62081,0.59533,0.42977,0.51228,0.78103,0.78133,0.48444,1.0,0.93083,0.78237,0.58592,0.55956,0.62099,0.0342,0.61988,0.61961,0.62207,0.61942,0.62049,0.61981,0.61608,0.56407,0.62238,0.62093,0.03419
6bka,0.5055,0.57917,0.57712,0.55428,0.47667,0.48861,0.71922,0.71867,0.39637,0.87826,1.0,0.71958,0.54629,0.51985,0.57826,0.02291,0.5795,0.57757,0.58064,0.57894,0.57909,0.57792,0.57577,0.52613,0.58106,0.57807,0.02062
6e2a,0.61035,0.67921,0.67802,0.65959,0.46198,0.56667,0.99041,0.99059,0.57001,0.83813,0.81372,1.0,0.65025,0.62256,0.67787,0.03305,0.67703,0.67546,0.67955,0.67474,0.67704,0.67565,0.67642,0.63445,0.67976,0.67844,0.03275
6i0m,0.66805,0.84489,0.78411,0.75859,0.47829,0.47781,0.48098,0.48143,0.48016,0.46547,0.46078,0.48264,1.0,0.95299,0.72019,0.02517,0.96889,0.72118,0.98127,0.97397,0.98209,0.72087,0.98063,0.95049,0.98442,0.72367,0.02506
6i0o,0.69061,0.83159,0.77701,0.76474,0.48589,0.4855,0.47572,0.47621,0.488,0.45888,0.45267,0.47744,0.98805,1.0,0.70367,0.02399,0.96416,0.70475,0.9784,0.96922,0.978,0.7043,0.97837,0.9728,0.9807,0.70734,0.02383
6u8e,0.78996,0.95028,0.95875,0.85182,0.56159,0.55873,0.59466,0.59517,0.56439,0.58476,0.57551,0.59666,0.86239,0.81304,1.0,0.03691,0.97006,0.997,0.96918,0.96483,0.96948,0.99615,0.95628,0.8319,0.96547,0.99557,0.03697
6u8n,0.24814,0.29284,0.2594,0.25824,0.25406,0.2575,0.31478,0.30425,0.24034,0.2882,0.26792,0.29729,0.26501,0.26352,0.59421,1.0,0.29796,0.40645,0.30737,0.28137,0.28957,0.45025,0.33747,0.25319,0.30328,0.39063,0.67825
6u8r,0.61191,0.86213,0.79292,0.71374,0.44434,0.44184,0.46641,0.46708,0.44441,0.45869,0.4552,0.46787,0.89502,0.85968,0.74594,0.0213,1.0,0.74745,0.97866,0.96511,0.975,0.74748,0.97072,0.87643,0.97442,0.7462,0.02076
6u8s,0.78894,0.94772,0.95653,0.84977,0.55807,0.55461,0.59142,0.59253,0.56018,0.58211,0.57346,0.59333,0.86107,0.81195,0.99436,0.03665,0.96927,1.0,0.96898,0.96599,0.96895,0.99616,0.95741,0.83381,0.96477,0.9937,0.03663
6u9o,0.61309,0.8489,0.80356,0.72017,0.4442,0.44169,0.46774,0.46798,0.44508,0.45992,0.45593,0.46911,0.90578,0.87156,0.74539,0.02163,0.97866,0.74726,1.0,0.98472,0.99156,0.74672,0.98864,0.89384,0.9921,0.74724,0.02145
6ua2,0.61018,0.84434,0.7874,0.70984,0.44465,0.44445,0.46457,0.46496,0.44394,0.45831,0.4547,0.4664,0.89948,0.86415,0.74272,0.02003,0.96511,0.74542,0.98472,1.0,0.99141,0.74494,0.98237,0.89205,0.98238,0.74326,0.02
6ua4,0.613,0.85129,0.79326,0.71392,0.44155,0.44094,0.46717,0.46709,0.44451,0.4589,0.45482,0.46819,0.9065,0.87123,0.74558,0.02236,0.975,0.74725,0.99156,0.99141,1.0,0.74716,0.98586,0.89418,0.98991,0.74738,0.02544
6ua5,0.78878,0.94769,0.95671,0.85004,0.56094,0.55733,0.59092,0.59124,0.56194,0.58226,0.57381,0.5935,0.86064,0.81138,0.9935,0.0367,0.96932,0.99616,0.9681,0.96522,0.9688,1.0,0.95665,0.83349,0.96404,0.99349,0.03676
6uaj,0.61322,0.84239,0.79848,0.71549,0.44341,0.44307,0.46539,0.46568,0.4451,0.45528,0.45216,0.46618,0.90343,0.86989,0.73554,0.02467,0.96877,0.73822,0.98664,0.98039,0.98386,0.73773,1.0,0.89758,0.98354,0.73761,0.02449
6uc2,0.65223,0.80661,0.75849,0.73566,0.46882,0.46883,0.4682,0.46854,0.4719,0.44606,0.44145,0.46964,0.94433,0.93285,0.69271,0.0249,0.94157,0.69605,0.9612,0.95917,0.96158,0.69582,0.96743,1.0,0.95968,0.6946,0.01712
6udo,0.61468,0.85342,0.80372,0.71978,0.44501,0.44322,0.46898,0.46927,0.44617,0.46102,0.45729,0.47111,0.91034,0.87509,0.74421,0.02011,0.97639,0.74577,0.99413,0.98437,0.99193,0.74532,0.98754,0.89424,1.0,0.74806,0.0201
6udp,0.79274,0.95271,0.96181,0.85497,0.55957,0.55661,0.5939,0.59374,0.56163,0.58327,0.57396,0.5961,0.86459,0.81536,0.99293,0.03635,0.96729,0.9937,0.96896,0.96254,0.96915,0.99349,0.95646,0.83186,0.96844,1.0,0.03642
6udq,0.29019,0.30562,0.2453,0.22113,0.20926,0.2551,0.24474,0.23946,0.29881,0.26805,0.23866,0.24065,0.26769,0.21206,0.60672,0.67825,0.29757,0.43418,0.2358,0.22272,0.21313,0.44304,0.27117,0.24674,0.26566,0.54722,1.0
