,1b3o,1ep1,1ep2,1ep3,1jr1,1nf7,1nfb,1uum,1uuo,1vzw,2cu0,2gjl,2gjn,2vep,2x30,3ffs,4ixh,4jej,4ori,4q4k,4qj1,4rv8,5dn1,5ksw,5ue9,6bka,6dvh,6dvi,6e2a,6i0m,6i0o,6u8e,6u8n,6u8r,6u8s,6u9o,6ua2,6ua4,6ua5,6uaj,6uc2,6udo,6udp,6udq
1b3o,1.0,0.65377,0.65389,0.65461,0.97034,0.99253,0.99554,0.65533,0.6536,0.53075,0.88421,0.64897,0.64972,0.53042,0.53102,0.87833,0.86017,0.49884,0.65979,0.62513,0.86069,0.85233,0.53044,0.64802,0.64869,0.60888,0.73603,0.73544,0.65126,0.98713,0.98398,0.97205,0.03814,0.97668,0.97292,0.9792,0.97233,0.97907,0.97271,0.97993,0.96274,0.98092,0.97856,0.03313
1ep1,0.64421,1.0,0.97639,0.9968,0.66428,0.66048,0.66583,0.83693,0.83525,0.54549,0.65414,0.47317,0.47421,0.55932,0.54203,0.64213,0.65672,0.52467,0.8372,0.57562,0.65475,0.65594,0.56014,0.98797,0.98743,0.55216,0.66103,0.66235,0.59231,0.66295,0.65358,0.66365,0.02415,0.66235,0.6596,0.66163,0.6637,0.66252,0.6622,0.6594,0.6525,0.66368,0.66247,0.0346
1ep2,0.65196,0.98915,1.0,0.98646,0.67286,0.66821,0.67386,0.84927,0.84996,0.47832,0.66227,0.59558,0.47698,0.56677,0.54971,0.64971,0.66454,0.53006,0.85351,0.58225,0.66254,0.66386,0.5676,0.97752,0.97747,0.57435,0.66919,0.67085,0.59843,0.67078,0.66193,0.67142,0.02989,0.67015,0.66721,0.6693,0.67126,0.67019,0.6698,0.66713,0.65997,0.67153,0.67033,0.03011
1ep3,0.64131,0.99041,0.96753,1.0,0.66242,0.65782,0.66338,0.836,0.83257,0.54192,0.65085,0.44026,0.44063,0.55561,0.49098,0.63826,0.65286,0.52178,0.83541,0.57312,0.65094,0.65227,0.55662,0.9817,0.98152,0.56453,0.6597,0.66023,0.44748,0.66019,0.65144,0.66135,0.02975,0.65916,0.6572,0.65942,0.65999,0.66032,0.65899,0.65615,0.6487,0.66134,0.65976,0.02742
1jr1,0.67778,0.48585,0.48652,0.48752,1.0,0.84836,0.76836,0.4917,0.49041,0.38308,0.76847,0.51902,0.51953,0.38993,0.35522,0.66202,0.73731,0.37531,0.49389,0.50891,0.74856,0.71672,0.38978,0.48212,0.48246,0.50365,0.54386,0.54369,0.52107,0.87117,0.82789,0.81804,0.02596,0.96265,0.81827,0.94723,0.94165,0.95002,0.81825,0.94131,0.8364,0.95055,0.82209,0.02595
1nf7,0.66604,0.46554,0.46603,0.46694,0.81535,1.0,0.82434,0.47163,0.47128,0.36823,0.73656,0.49904,0.49968,0.3749,0.34204,0.63638,0.70731,0.32813,0.47429,0.49069,0.71789,0.68716,0.37474,0.46233,0.46263,0.48405,0.52216,0.52203,0.50123,0.7775,0.74443,0.79344,0.02565,0.84949,0.794,0.86085,0.84374,0.84988,0.79412,0.85703,0.75695,0.85955,0.79775,0.01682
1nfb,0.76495,0.53221,0.5324,0.53342,0.84309,0.94153,1.0,0.53583,0.53526,0.41791,0.74645,0.54949,0.55028,0.38667,0.38694,0.7154,0.72532,0.37342,0.53804,0.53266,0.72613,0.71761,0.38762,0.52813,0.52862,0.52529,0.59294,0.59288,0.55151,0.8565,0.83459,0.80764,0.02871,0.86972,0.80789,0.87763,0.86593,0.87003,0.80813,0.87294,0.83427,0.87571,0.81261,0.02352
1uum,0.57799,0.7442,0.7458,0.74809,0.59903,0.59619,0.59837,1.0,0.97114,0.42785,0.59032,0.53029,0.53084,0.50307,0.44332,0.57691,0.58663,0.46329,0.97879,0.43076,0.58539,0.58585,0.50312,0.7385,0.73912,0.50354,0.60469,0.60603,0.43575,0.59961,0.58979,0.59741,0.03425,0.59958,0.59494,0.59933,0.5995,0.59607,0.598,0.59908,0.58956,0.59985,0.59657,0.034
1uuo,0.57509,0.74095,0.74455,0.74315,0.59583,0.59406,0.59611,0.96839,1.0,0.48632,0.58818,0.52913,0.52913,0.50126,0.44223,0.5758,0.58443,0.4613,0.98712,0.51228,0.58249,0.58389,0.50129,0.73829,0.73658,0.51564,0.61531,0.61575,0.53062,0.5974,0.58758,0.5928,0.03301,0.59445,0.58973,0.59435,0.5973,0.5933,0.5927,0.59691,0.5884,0.59516,0.5919,0.02945
1vzw,0.69496,0.72299,0.61839,0.72199,0.69187,0.69326,0.69527,0.61886,0.72246,1.0,0.62947,0.62144,0.62295,0.98624,0.97991,0.61735,0.69348,0.67954,0.72267,0.6751,0.69791,0.69338,0.97313,0.72168,0.72123,0.62217,0.72208,0.72199,0.62579,0.69573,0.61871,0.63034,0.04587,0.62939,0.62816,0.63163,0.63167,0.63135,0.62653,0.69614,0.68525,0.63116,0.63054,0.04537
2cu0,0.75407,0.57177,0.57204,0.57232,0.93216,0.92911,0.82288,0.57835,0.57775,0.41789,1.0,0.60997,0.61201,0.46107,0.41937,0.80943,0.91709,0.44203,0.57934,0.59777,0.92273,0.88618,0.45939,0.56759,0.56766,0.58884,0.64724,0.64734,0.6139,0.83158,0.77864,0.92207,0.02901,0.92733,0.92163,0.92748,0.92058,0.92816,0.92169,0.9195,0.79551,0.92915,0.92652,0.02701
2gjl,0.61171,0.45518,0.56442,0.42608,0.68022,0.67953,0.66081,0.56772,0.56814,0.45664,0.66733,1.0,0.99931,0.45489,0.45567,0.61693,0.67034,0.44158,0.46316,0.84142,0.66928,0.66921,0.45397,0.56538,0.56512,0.81783,0.585,0.58482,0.9965,0.65156,0.62375,0.67933,0.0332,0.67864,0.67699,0.68131,0.67553,0.67934,0.67644,0.67884,0.63605,0.68069,0.67963,0.03291
2gjn,0.61239,0.4561,0.45404,0.4264,0.68177,0.68064,0.66188,0.56834,0.56802,0.45751,0.66952,0.99931,1.0,0.45592,0.45665,0.61769,0.67127,0.4416,0.46436,0.84175,0.67018,0.66916,0.45458,0.56584,0.56559,0.81725,0.58589,0.58577,0.99669,0.65232,0.62454,0.68003,0.03322,0.67984,0.67852,0.6818,0.67646,0.68004,0.67683,0.67942,0.63663,0.6812,0.67959,0.03292
2vep,0.65351,0.69709,0.69848,0.69621,0.66486,0.6628,0.59685,0.70139,0.70033,0.92124,0.65774,0.58421,0.58582,1.0,0.96073,0.63999,0.59884,0.64496,0.69914,0.5881,0.59858,0.5976,0.9889,0.69677,0.6961,0.58319,0.68173,0.68083,0.5901,0.66048,0.64865,0.65985,0.0476,0.66369,0.66098,0.664,0.66076,0.6631,0.66567,0.60049,0.64529,0.66002,0.66385,0.02869
2x30,0.67156,0.69306,0.69532,0.62372,0.61272,0.61254,0.61293,0.62083,0.62035,0.94253,0.61088,0.5998,0.60233,0.98937,1.0,0.66287,0.66393,0.64699,0.62328,0.65436,0.67176,0.67336,0.98211,0.69272,0.69173,0.60092,0.58976,0.59,0.60436,0.67215,0.67144,0.66763,0.04886,0.67231,0.66266,0.67251,0.66894,0.67175,0.66652,0.67331,0.66261,0.66902,0.67258,0.03803
3ffs,0.88683,0.65757,0.65753,0.65747,0.94908,0.94887,0.93252,0.66056,0.66084,0.47793,0.95845,0.6592,0.66003,0.52477,0.52923,1.0,0.94155,0.50411,0.66337,0.63481,0.94055,0.93751,0.52454,0.6516,0.6522,0.62681,0.7486,0.74833,0.6619,0.93131,0.92298,0.94344,0.02513,0.94978,0.94304,0.94681,0.94169,0.95005,0.9426,0.94139,0.9373,0.94849,0.94495,0.03154
4ixh,0.78032,0.60857,0.60858,0.60853,0.95238,0.94985,0.8503,0.60869,0.60793,0.48581,0.97631,0.6488,0.64967,0.4477,0.48262,0.84494,1.0,0.43578,0.60792,0.63531,0.98894,0.96516,0.44671,0.6031,0.60336,0.62785,0.69204,0.6921,0.65072,0.86039,0.80468,0.95266,0.03302,0.95164,0.94925,0.95053,0.94347,0.95216,0.94949,0.94145,0.82206,0.95178,0.95377,0.02899
4jej,0.60681,0.64803,0.64733,0.64805,0.62378,0.55152,0.55628,0.62822,0.62903,0.63932,0.6194,0.56389,0.56403,0.64275,0.62917,0.60782,0.57416,1.0,0.63615,0.57734,0.57295,0.57016,0.64422,0.64527,0.64612,0.57325,0.62421,0.62426,0.56294,0.62133,0.60983,0.6257,0.03862,0.55426,0.62411,0.62563,0.62426,0.62488,0.62389,0.62657,0.61723,0.62688,0.62271,0.03865
4ori,0.5742,0.73502,0.73986,0.73808,0.59446,0.59241,0.59345,0.96516,0.97606,0.48143,0.58377,0.42924,0.4303,0.49533,0.43897,0.57191,0.57845,0.46186,1.0,0.4798,0.57776,0.58021,0.49521,0.72918,0.72975,0.41233,0.61744,0.61778,0.52832,0.59507,0.58514,0.59294,0.03265,0.59187,0.58986,0.59341,0.59074,0.59269,0.59168,0.59434,0.58705,0.5939,0.59144,0.03571
4q4k,0.54681,0.5134,0.51329,0.51405,0.62063,0.62081,0.59533,0.42977,0.51228,0.45473,0.60855,0.78103,0.78133,0.42747,0.45619,0.55188,0.61062,0.42362,0.48444,1.0,0.60922,0.60917,0.42536,0.5136,0.51338,0.93083,0.52559,0.52582,0.78237,0.58592,0.55956,0.62099,0.0342,0.61988,0.61961,0.62207,0.61942,0.62049,0.61981,0.61608,0.56407,0.62238,0.62093,0.03419
4qj1,0.7674,0.59714,0.59717,0.59712,0.94984,0.94733,0.83692,0.59775,0.59627,0.47881,0.96518,0.6375,0.63834,0.44064,0.47794,0.82957,0.97164,0.42861,0.59753,0.6237,1.0,0.94484,0.43983,0.59202,0.59214,0.61733,0.67948,0.67957,0.64044,0.84646,0.79181,0.94845,0.02898,0.9486,0.94619,0.94723,0.94035,0.94798,0.94596,0.93857,0.80867,0.94874,0.9502,0.02883
4rv8,0.79623,0.62476,0.62488,0.62487,0.95348,0.95056,0.86651,0.62482,0.62425,0.49903,0.97173,0.66552,0.66546,0.4587,0.49983,0.86673,0.99471,0.44414,0.6268,0.65146,0.99104,1.0,0.4577,0.62,0.62035,0.64328,0.71026,0.71089,0.66741,0.86783,0.81733,0.95473,0.03633,0.95395,0.95143,0.95216,0.94553,0.95352,0.9516,0.94335,0.83614,0.95371,0.95552,0.02835
5dn1,0.65355,0.69846,0.6998,0.69793,0.66446,0.66242,0.59837,0.70161,0.70057,0.90942,0.65236,0.58397,0.58439,0.9889,0.95377,0.6398,0.59758,0.64644,0.69901,0.58698,0.5977,0.5964,1.0,0.69833,0.69765,0.58015,0.68198,0.681,0.58884,0.66126,0.64839,0.66325,0.04533,0.66376,0.66034,0.66288,0.6599,0.66429,0.66415,0.65774,0.64553,0.66062,0.66278,0.03709
5ksw,0.64421,0.99763,0.97435,0.99771,0.66457,0.66068,0.66625,0.83813,0.83971,0.54955,0.655,0.59489,0.59541,0.56401,0.54649,0.64197,0.65657,0.52729,0.83813,0.5809,0.65486,0.65668,0.56499,1.0,0.99881,0.57397,0.66127,0.662,0.5978,0.66307,0.65325,0.6634,0.01935,0.66201,0.65922,0.66147,0.66341,0.66242,0.66093,0.6589,0.65148,0.66351,0.66125,0.02252
5ue9,0.64487,0.99709,0.97429,0.99752,0.6651,0.6611,0.66689,0.8388,0.83798,0.54928,0.65507,0.5946,0.59515,0.56347,0.54583,0.64256,0.65687,0.52792,0.8388,0.58042,0.655,0.65706,0.56448,0.99881,1.0,0.57478,0.6616,0.66227,0.59738,0.66374,0.65407,0.664,0.02253,0.66265,0.65987,0.66209,0.66398,0.66293,0.66142,0.65884,0.65199,0.66381,0.66215,0.02526
6bka,0.5055,0.46926,0.48002,0.48017,0.57917,0.57712,0.55428,0.47667,0.48861,0.40214,0.56784,0.71922,0.71867,0.39982,0.40226,0.51691,0.57163,0.39995,0.39637,0.87826,0.57109,0.57004,0.39905,0.48078,0.48142,1.0,0.49327,0.49437,0.71958,0.54629,0.51985,0.57826,0.02291,0.5795,0.57757,0.58064,0.57894,0.57909,0.57792,0.57577,0.52613,0.58106,0.57807,0.02062
6dvh,0.57958,0.52885,0.52881,0.53143,0.59757,0.59565,0.59572,0.54348,0.55472,0.43342,0.5919,0.49108,0.49171,0.43632,0.37575,0.58352,0.5967,0.40814,0.56193,0.47312,0.59566,0.59542,0.43642,0.52443,0.52469,0.46942,1.0,0.99884,0.49167,0.59593,0.58627,0.59849,0.02893,0.59771,0.59678,0.59687,0.59676,0.5974,0.59728,0.59562,0.59202,0.59727,0.5962,0.02472
6dvi,0.57921,0.52974,0.52984,0.53171,0.59737,0.59547,0.59567,0.54467,0.55504,0.43387,0.592,0.49085,0.49153,0.43597,0.37596,0.58337,0.59676,0.40814,0.56222,0.47333,0.59572,0.59609,0.43604,0.52484,0.52506,0.47026,0.99884,1.0,0.4927,0.59564,0.5859,0.59817,0.02472,0.59717,0.59647,0.59638,0.59609,0.59695,0.59666,0.59495,0.59115,0.59686,0.59586,0.02471
6e2a,0.61035,0.56471,0.56399,0.43103,0.67921,0.67802,0.65959,0.46198,0.56667,0.45678,0.6679,0.99041,0.99059,0.45517,0.45623,0.61602,0.66869,0.43855,0.57001,0.83813,0.66866,0.66741,0.4548,0.56501,0.56465,0.81372,0.5826,0.58385,1.0,0.65025,0.62256,0.67787,0.03305,0.67703,0.67546,0.67955,0.67474,0.67704,0.67565,0.67642,0.63445,0.67976,0.67844,0.03275
6i0m,0.66805,0.47114,0.47109,0.47207,0.84489,0.78411,0.75859,0.47829,0.47781,0.37187,0.6651,0.48098,0.48143,0.37623,0.37252,0.62879,0.64667,0.3636,0.48016,0.46547,0.64719,0.63366,0.3766,0.46749,0.46789,0.46078,0.52661,0.52638,0.48264,1.0,0.95299,0.72019,0.02517,0.96889,0.72118,0.98127,0.97397,0.98209,0.72087,0.98063,0.95049,0.98442,0.72367,0.02506
6i0o,0.69061,0.47975,0.48039,0.48126,0.83159,0.77701,0.76474,0.48589,0.4855,0.34685,0.64523,0.47572,0.47621,0.38185,0.38451,0.64533,0.62657,0.36778,0.488,0.45888,0.6272,0.61784,0.38164,0.47568,0.4762,0.45267,0.536,0.53569,0.47744,0.98805,1.0,0.70367,0.02399,0.96416,0.70475,0.9784,0.96922,0.978,0.7043,0.97837,0.9728,0.9807,0.70734,0.02383
6u8e,0.78996,0.55718,0.55716,0.55865,0.95028,0.95875,0.85182,0.56159,0.55873,0.40461,0.88121,0.59466,0.59517,0.4459,0.43906,0.76189,0.85536,0.42932,0.56439,0.58476,0.86665,0.83219,0.44658,0.55237,0.55283,0.57551,0.62658,0.62622,0.59666,0.86239,0.81304,1.0,0.03691,0.97006,0.997,0.96918,0.96483,0.96948,0.99615,0.95628,0.8319,0.96547,0.99557,0.03697
6u8n,0.24814,0.28361,0.27127,0.28587,0.29284,0.2594,0.25824,0.25406,0.2575,0.25859,0.27557,0.31478,0.30425,0.26511,0.2397,0.31888,0.25542,0.37484,0.24034,0.2882,0.24847,0.25203,0.25976,0.29636,0.24524,0.26792,0.29352,0.28944,0.29729,0.26501,0.26352,0.59421,1.0,0.29796,0.40645,0.30737,0.28137,0.28957,0.45025,0.33747,0.25319,0.30328,0.39063,0.67825
6u8r,0.61191,0.43709,0.43713,0.43779,0.86213,0.79292,0.71374,0.44434,0.44184,0.31989,0.68515,0.46641,0.46708,0.35118,0.34551,0.59368,0.65973,0.31134,0.44441,0.45869,0.66964,0.64198,0.35119,0.43349,0.43384,0.4552,0.48954,0.48917,0.46787,0.89502,0.85968,0.74594,0.0213,1.0,0.74745,0.97866,0.96511,0.975,0.74748,0.97072,0.87643,0.97442,0.7462,0.02076
6u8s,0.78894,0.55285,0.55279,0.55425,0.94772,0.95653,0.84977,0.55807,0.55461,0.40273,0.87862,0.59142,0.59253,0.4446,0.43716,0.76008,0.85035,0.42742,0.56018,0.58211,0.86259,0.82747,0.44493,0.54805,0.54855,0.57346,0.62317,0.62284,0.59333,0.86107,0.81195,0.99436,0.03665,0.96927,1.0,0.96898,0.96599,0.96895,0.99616,0.95741,0.83381,0.96477,0.9937,0.03663
6u9o,0.61309,0.43677,0.43677,0.4382,0.8489,0.80356,0.72017,0.4442,0.44169,0.32039,0.68525,0.46774,0.46798,0.35133,0.34558,0.5922,0.65915,0.34017,0.44508,0.45992,0.66889,0.64107,0.35172,0.43329,0.43363,0.45593,0.48898,0.48864,0.46911,0.90578,0.87156,0.74539,0.02163,0.97866,0.74726,1.0,0.98472,0.99156,0.74672,0.98864,0.89384,0.9921,0.74724,0.02145
6ua2,0.61018,0.4381,0.43803,0.43852,0.84434,0.7874,0.70984,0.44465,0.44445,0.32011,0.68125,0.46457,0.46496,0.3504,0.34485,0.59021,0.65552,0.34057,0.44394,0.45831,0.66525,0.63786,0.35086,0.43456,0.4349,0.4547,0.48879,0.48833,0.4664,0.89948,0.86415,0.74272,0.02003,0.96511,0.74542,0.98472,1.0,0.99141,0.74494,0.98237,0.89205,0.98238,0.74326,0.02
6ua4,0.613,0.43715,0.43713,0.43858,0.85129,0.79326,0.71392,0.44155,0.44094,0.32019,0.68565,0.46717,0.46709,0.35099,0.3453,0.59381,0.66023,0.34005,0.44451,0.4589,0.66929,0.64174,0.35109,0.43368,0.43397,0.45482,0.48936,0.48904,0.46819,0.9065,0.87123,0.74558,0.02236,0.975,0.74725,0.99156,0.99141,1.0,0.74716,0.98586,0.89418,0.98991,0.74738,0.02544
6ua5,0.78878,0.55486,0.55478,0.55559,0.94769,0.95671,0.85004,0.56094,0.55733,0.40207,0.87868,0.59092,0.59124,0.44665,0.43794,0.7598,0.85056,0.42742,0.56194,0.58226,0.86239,0.82762,0.44657,0.54923,0.54963,0.57381,0.62375,0.62307,0.5935,0.86064,0.81138,0.9935,0.0367,0.96932,0.99616,0.9681,0.96522,0.9688,1.0,0.95665,0.83349,0.96404,0.99349,0.03676
6uaj,0.61322,0.43503,0.43507,0.4357,0.84239,0.79848,0.71549,0.44341,0.44307,0.34474,0.67933,0.46539,0.46568,0.32163,0.34552,0.5889,0.65319,0.34024,0.4451,0.45528,0.663,0.63551,0.35024,0.43134,0.43114,0.45216,0.48718,0.48672,0.46618,0.90343,0.86989,0.73554,0.02467,0.96877,0.73822,0.98664,0.98039,0.98386,0.73773,1.0,0.89758,0.98354,0.73761,0.02449
6uc2,0.65223,0.46257,0.46253,0.46288,0.80661,0.75849,0.73566,0.46882,0.46883,0.36584,0.63609,0.4682,0.46854,0.36752,0.36674,0.632,0.61841,0.36021,0.4719,0.44606,0.61857,0.61072,0.36705,0.45834,0.45869,0.44145,0.52021,0.51952,0.46964,0.94433,0.93285,0.69271,0.0249,0.94157,0.69605,0.9612,0.95917,0.96158,0.69582,0.96743,1.0,0.95968,0.6946,0.01712
6udo,0.61468,0.43859,0.43864,0.43995,0.85342,0.80372,0.71978,0.44501,0.44322,0.32069,0.6876,0.46898,0.46927,0.35285,0.34679,0.59416,0.66112,0.34142,0.44617,0.46102,0.67106,0.64312,0.35321,0.43505,0.43521,0.45729,0.49001,0.48972,0.47111,0.91034,0.87509,0.74421,0.02011,0.97639,0.74577,0.99413,0.98437,0.99193,0.74532,0.98754,0.89424,1.0,0.74806,0.0201
6udp,0.79274,0.55505,0.55512,0.55612,0.95271,0.96181,0.85497,0.55957,0.55661,0.4035,0.8831,0.5939,0.59374,0.44566,0.43907,0.7611,0.85405,0.42692,0.56163,0.58327,0.8659,0.83064,0.44578,0.54947,0.55016,0.57396,0.62259,0.62222,0.5961,0.86459,0.81536,0.99293,0.03635,0.96729,0.9937,0.96896,0.96254,0.96915,0.99349,0.95646,0.83186,0.96844,1.0,0.03642
6udq,0.29019,0.23795,0.30271,0.26282,0.30562,0.2453,0.22113,0.20926,0.2551,0.27179,0.22788,0.24474,0.23946,0.29515,0.24896,0.23403,0.2456,0.27111,0.29881,0.26805,0.26932,0.23982,0.24259,0.23474,0.23818,0.23866,0.30213,0.29234,0.24065,0.26769,0.21206,0.60672,0.67825,0.29757,0.43418,0.2358,0.22272,0.21313,0.44304,0.27117,0.24674,0.26566,0.54722,1.0
