,index,pdb,sp_primary,chain,pdb_beg,pdb_end,sp_beg,sp_end
0,45184,4q4k,Q9HWH9,A,1,351,1,351
1,45185,4q4k,Q9HWH9,B,2,351,2,351
2,92647,6udo,P12268,A,12,420,12,420
3,92648,6udo,P12268,A,437,514,437,514
4,92649,6udo,P12268,B,12,420,12,420
5,92650,6udo,P12268,B,437,514,437,514
6,92651,6udo,P12268,C,12,420,12,420
7,92652,6udo,P12268,C,437,514,437,514
8,92653,6udo,P12268,D,12,420,12,420
9,92654,6udo,P12268,D,437,514,437,514
10,92655,6udo,P12268,E,12,420,12,420
11,92656,6udo,P12268,E,437,514,437,514
12,92657,6udo,P12268,F,12,420,12,420
13,92658,6udo,P12268,F,437,514,437,514
14,92659,6udo,P12268,G,12,420,12,420
15,92660,6udo,P12268,G,437,514,437,514
16,92661,6udo,P12268,H,12,420,12,420
17,92662,6udo,P12268,H,437,514,437,514
18,92663,6udo,P12268,I,1,14,1,14
19,92664,6udo,P12268,J,1,14,1,14
20,92665,6udo,P12268,K,1,14,1,14
21,92666,6udo,P12268,L,1,14,1,14
22,92667,6udo,P12268,M,1,14,1,14
23,92668,6udo,P12268,N,1,14,1,14
24,92669,6udo,P12268,O,1,14,1,14
25,92670,6udo,P12268,P,1,14,1,14
26,103150,1nf7,P12268,A,10,124,10,124
27,103151,1nf7,P12268,A,156,166,156,166
28,103152,1nf7,P12268,A,170,225,170,225
29,103153,1nf7,P12268,A,227,420,227,420
30,103154,1nf7,P12268,A,437,514,437,514
31,103155,1nf7,P12268,B,10,124,10,124
32,103156,1nf7,P12268,B,156,166,156,166
33,103157,1nf7,P12268,B,170,225,170,225
34,103158,1nf7,P12268,B,227,420,227,420
35,103159,1nf7,P12268,B,437,514,437,514
36,106256,1uum,Q63707,A,38,215,37,214
37,106257,1uum,Q63707,A,225,396,224,395
38,106258,1uum,Q63707,B,38,215,37,214
39,106259,1uum,Q63707,B,225,396,224,395
40,174302,6e2a,Q9I4V0,A,2,327,2,327
41,191174,6u9o,P12268,A,11,420,11,420
42,191175,6u9o,P12268,A,437,514,437,514
43,191176,6u9o,P12268,B,11,420,11,420
44,191177,6u9o,P12268,B,437,514,437,514
45,191178,6u9o,P12268,C,11,420,11,420
46,191179,6u9o,P12268,C,437,514,437,514
47,191180,6u9o,P12268,D,11,420,11,420
48,191181,6u9o,P12268,D,437,514,437,514
49,191182,6u9o,P12268,E,11,420,11,420
50,191183,6u9o,P12268,E,437,514,437,514
51,191184,6u9o,P12268,F,11,420,11,420
52,191185,6u9o,P12268,F,437,514,437,514
53,191186,6u9o,P12268,G,11,420,11,420
54,191187,6u9o,P12268,G,437,514,437,514
55,191188,6u9o,P12268,H,11,420,11,420
56,191189,6u9o,P12268,H,437,514,437,514
57,191190,6u9o,P12268,I,1,14,1,14
58,191191,6u9o,P12268,J,1,14,1,14
59,191192,6u9o,P12268,K,1,14,1,14
60,191193,6u9o,P12268,L,1,14,1,14
61,191194,6u9o,P12268,M,1,14,1,14
62,191195,6u9o,P12268,N,1,14,1,14
63,191196,6u9o,P12268,O,1,14,1,14
64,191197,6u9o,P12268,P,1,14,1,14
65,191198,6udp,P12268,A,1,110,1,110
66,191199,6udp,P12268,A,233,420,233,420
67,191200,6udp,P12268,A,437,514,437,514
68,191201,6udp,P12268,B,1,110,1,110
69,191202,6udp,P12268,B,233,420,233,420
70,191203,6udp,P12268,B,437,514,437,514
71,191204,6udp,P12268,C,1,110,1,110
72,191205,6udp,P12268,C,233,420,233,420
73,191206,6udp,P12268,C,437,514,437,514
74,191207,6udp,P12268,D,1,110,1,110
75,191208,6udp,P12268,D,233,420,233,420
76,191209,6udp,P12268,D,437,514,437,514
77,191210,6udp,P12268,E,1,110,1,110
78,191211,6udp,P12268,E,233,420,233,420
79,191212,6udp,P12268,E,437,514,437,514
80,191213,6udp,P12268,F,1,110,1,110
81,191214,6udp,P12268,F,233,420,233,420
82,191215,6udp,P12268,F,437,514,437,514
83,191216,6udp,P12268,G,1,110,1,110
84,191217,6udp,P12268,G,233,420,233,420
85,191218,6udp,P12268,G,437,514,437,514
86,191219,6udp,P12268,H,1,110,1,110
87,191220,6udp,P12268,H,233,420,233,420
88,191221,6udp,P12268,H,437,514,437,514
89,205890,1uuo,Q63707,A,34,69,33,68
90,205891,1uuo,Q63707,A,74,216,73,215
91,205892,1uuo,Q63707,A,225,396,224,395
92,288913,6uaj,P12268,A,10,420,10,420
93,288914,6uaj,P12268,A,437,514,437,514
94,288915,6uaj,P12268,B,10,420,10,420
95,288916,6uaj,P12268,B,437,514,437,514
96,288917,6uaj,P12268,C,10,420,10,420
97,288918,6uaj,P12268,C,437,514,437,514
98,288919,6uaj,P12268,D,10,420,10,420
99,288920,6uaj,P12268,D,437,514,437,514
100,288921,6uaj,P12268,E,10,420,10,420
101,288922,6uaj,P12268,E,437,514,437,514
102,288923,6uaj,P12268,F,10,420,10,420
103,288924,6uaj,P12268,F,437,514,437,514
104,288925,6uaj,P12268,G,10,420,10,420
105,288926,6uaj,P12268,G,437,514,437,514
106,288927,6uaj,P12268,H,10,420,10,420
107,288928,6uaj,P12268,H,437,514,437,514
108,288935,6ua5,P12268,A,1,110,1,110
109,288936,6ua5,P12268,A,233,420,233,420
110,288937,6ua5,P12268,A,437,514,437,514
111,288938,6ua5,P12268,B,1,110,1,110
112,288939,6ua5,P12268,B,233,420,233,420
113,288940,6ua5,P12268,B,437,514,437,514
114,288941,6ua5,P12268,C,1,110,1,110
115,288942,6ua5,P12268,C,233,420,233,420
116,288943,6ua5,P12268,C,437,514,437,514
117,288944,6ua5,P12268,D,1,110,1,110
118,288945,6ua5,P12268,D,233,420,233,420
119,288946,6ua5,P12268,D,437,514,437,514
120,288947,6ua5,P12268,E,1,110,1,110
121,288948,6ua5,P12268,E,233,420,233,420
122,288949,6ua5,P12268,E,437,514,437,514
123,288950,6ua5,P12268,F,1,110,1,110
124,288951,6ua5,P12268,F,233,420,233,420
125,288952,6ua5,P12268,F,437,514,437,514
126,288953,6ua5,P12268,G,1,110,1,110
127,288954,6ua5,P12268,G,233,420,233,420
128,288955,6ua5,P12268,G,437,514,437,514
129,288956,6ua5,P12268,H,1,110,1,110
130,288957,6ua5,P12268,H,233,420,233,420
131,288958,6ua5,P12268,H,437,514,437,514
132,373707,6i0m,P12268,A,12,166,12,166
133,373708,6i0m,P12268,A,170,329,170,329
134,373709,6i0m,P12268,A,332,404,332,404
135,373710,6i0m,P12268,A,413,419,413,419
136,373711,6i0m,P12268,A,448,502,448,502
137,373712,6i0m,P12268,B,11,146,11,146
138,373713,6i0m,P12268,B,148,155,148,155
139,373714,6i0m,P12268,B,157,166,157,166
140,373715,6i0m,P12268,B,170,176,170,176
141,373716,6i0m,P12268,B,178,182,178,182
142,373717,6i0m,P12268,B,185,214,185,214
143,373718,6i0m,P12268,B,216,329,216,329
144,373719,6i0m,P12268,B,332,407,332,407
145,373720,6i0m,P12268,B,448,501,448,501
146,373721,6i0m,P12268,B,511,514,511,514
147,386641,6u8s,P12268,A,1,110,1,110
148,386642,6u8s,P12268,A,233,420,233,420
149,386643,6u8s,P12268,A,437,514,437,514
150,386644,6u8s,P12268,B,1,110,1,110
151,386645,6u8s,P12268,B,233,420,233,420
152,386646,6u8s,P12268,B,437,514,437,514
153,386647,6u8s,P12268,C,1,110,1,110
154,386648,6u8s,P12268,C,233,420,233,420
155,386649,6u8s,P12268,C,437,514,437,514
156,386650,6u8s,P12268,D,1,110,1,110
157,386651,6u8s,P12268,D,233,420,233,420
158,386652,6u8s,P12268,D,437,514,437,514
159,386653,6u8s,P12268,E,1,110,1,110
160,386654,6u8s,P12268,E,233,420,233,420
161,386655,6u8s,P12268,E,437,514,437,514
162,386656,6u8s,P12268,F,1,110,1,110
163,386657,6u8s,P12268,F,233,420,233,420
164,386658,6u8s,P12268,F,437,514,437,514
165,386659,6u8s,P12268,G,1,110,1,110
166,386660,6u8s,P12268,G,233,420,233,420
167,386661,6u8s,P12268,G,437,514,437,514
168,386662,6u8s,P12268,H,1,110,1,110
169,386663,6u8s,P12268,H,233,420,233,420
170,386664,6u8s,P12268,H,437,514,437,514
171,386689,6u8r,P12268,A,11,420,11,420
172,386690,6u8r,P12268,A,437,514,437,514
173,386691,6u8r,P12268,B,11,420,11,420
174,386692,6u8r,P12268,B,437,514,437,514
175,386693,6u8r,P12268,C,11,420,11,420
176,386694,6u8r,P12268,C,437,514,437,514
177,386695,6u8r,P12268,D,11,420,11,420
178,386696,6u8r,P12268,D,437,514,437,514
179,386697,6u8r,P12268,E,11,420,11,420
180,386698,6u8r,P12268,E,437,514,437,514
181,386699,6u8r,P12268,F,11,420,11,420
182,386700,6u8r,P12268,F,437,514,437,514
183,386701,6u8r,P12268,G,11,420,11,420
184,386702,6u8r,P12268,G,437,514,437,514
185,386703,6u8r,P12268,H,11,420,11,420
186,386704,6u8r,P12268,H,437,514,437,514
187,386705,6u8r,P12268,I,1,14,1,14
188,386706,6u8r,P12268,J,1,14,1,14
189,386707,6u8r,P12268,K,1,14,1,14
190,386708,6u8r,P12268,L,1,14,1,14
191,386709,6u8r,P12268,M,1,14,1,14
192,386710,6u8r,P12268,N,1,14,1,14
193,386711,6u8r,P12268,O,1,14,1,14
194,386712,6u8r,P12268,P,1,14,1,14
195,386760,6uc2,P12268,A,11,327,11,327
196,386761,6uc2,P12268,A,333,413,333,413
197,386762,6uc2,P12268,A,446,500,446,500
198,386763,6uc2,P12268,B,11,327,11,327
199,386764,6uc2,P12268,B,333,413,333,413
200,386765,6uc2,P12268,B,446,500,446,500
201,386766,6uc2,P12268,C,11,327,11,327
202,386767,6uc2,P12268,C,333,413,333,413
203,386768,6uc2,P12268,C,446,500,446,500
204,386769,6uc2,P12268,D,11,327,11,327
205,386770,6uc2,P12268,D,333,413,333,413
206,386771,6uc2,P12268,D,446,500,446,500
207,386772,6uc2,P12268,E,11,327,11,327
208,386773,6uc2,P12268,E,333,413,333,413
209,386774,6uc2,P12268,E,446,500,446,500
210,386775,6uc2,P12268,F,11,327,11,327
211,386776,6uc2,P12268,F,333,413,333,413
212,386777,6uc2,P12268,F,446,500,446,500
213,386778,6uc2,P12268,G,11,327,11,327
214,386779,6uc2,P12268,G,333,413,333,413
215,386780,6uc2,P12268,G,446,500,446,500
216,386781,6uc2,P12268,H,11,327,11,327
217,386782,6uc2,P12268,H,333,413,333,413
218,386783,6uc2,P12268,H,446,500,446,500
219,473276,6i0o,P12268,A,11,325,11,325
220,473277,6i0o,P12268,A,335,403,335,403
221,473278,6i0o,P12268,A,450,499,450,499
222,473279,6i0o,P12268,B,11,167,11,167
223,473280,6i0o,P12268,B,170,326,170,326
224,473281,6i0o,P12268,B,335,402,335,402
225,473282,6i0o,P12268,B,449,497,449,497
226,485901,6u8n,P12268,A,11,420,11,420
227,485902,6u8n,P12268,A,437,514,437,514
228,485903,6u8n,P12268,B,11,420,11,420
229,485904,6u8n,P12268,B,437,514,437,514
230,485905,6u8n,P12268,C,11,420,11,420
231,485906,6u8n,P12268,C,437,514,437,514
232,485907,6u8n,P12268,D,11,420,11,420
233,485908,6u8n,P12268,D,437,514,437,514
234,485909,6u8n,P12268,E,11,420,11,420
235,485910,6u8n,P12268,E,437,514,437,514
236,485911,6u8n,P12268,F,11,420,11,420
237,485912,6u8n,P12268,F,437,514,437,514
238,485913,6u8n,P12268,G,11,420,11,420
239,485914,6u8n,P12268,G,437,514,437,514
240,485915,6u8n,P12268,H,11,420,11,420
241,485916,6u8n,P12268,H,437,514,437,514
242,485917,6u8n,P12268,I,1,14,1,14
243,485918,6u8n,P12268,J,1,14,1,14
244,485919,6u8n,P12268,K,1,14,1,14
245,485920,6u8n,P12268,L,1,14,1,14
246,485921,6u8n,P12268,M,1,14,1,14
247,485922,6u8n,P12268,N,1,14,1,14
248,485923,6u8n,P12268,O,1,14,1,14
249,485924,6u8n,P12268,P,1,14,1,14
250,506320,2gjn,Q9I4V0,A,3,326,3,326
251,538589,4ori,Q63707,A,36,218,35,217
252,538590,4ori,Q63707,A,225,396,224,395
253,583644,6ua2,P12268,A,11,420,11,420
254,583645,6ua2,P12268,A,437,514,437,514
255,583646,6ua2,P12268,B,11,420,11,420
256,583647,6ua2,P12268,B,437,514,437,514
257,583648,6ua2,P12268,C,11,420,11,420
258,583649,6ua2,P12268,C,437,514,437,514
259,583650,6ua2,P12268,D,11,420,11,420
260,583651,6ua2,P12268,D,437,514,437,514
261,583652,6ua2,P12268,E,11,420,11,420
262,583653,6ua2,P12268,E,437,514,437,514
263,583654,6ua2,P12268,F,11,420,11,420
264,583655,6ua2,P12268,F,437,514,437,514
265,583656,6ua2,P12268,G,11,420,11,420
266,583657,6ua2,P12268,G,437,514,437,514
267,583658,6ua2,P12268,H,11,420,11,420
268,583659,6ua2,P12268,H,437,514,437,514
269,583660,6ua2,P12268,I,1,14,1,14
270,583661,6ua2,P12268,J,1,14,1,14
271,583662,6ua2,P12268,K,1,14,1,14
272,583663,6ua2,P12268,L,1,14,1,14
273,583664,6ua2,P12268,M,1,14,1,14
274,583665,6ua2,P12268,N,1,14,1,14
275,583666,6ua2,P12268,O,1,14,1,14
276,583667,6ua2,P12268,P,1,14,1,14
277,590715,1b3o,P12268,A,10,109,10,109
278,590716,1b3o,P12268,A,232,327,232,327
279,590717,1b3o,P12268,A,341,400,341,400
280,590718,1b3o,P12268,A,449,499,449,499
281,590719,1b3o,P12268,B,10,129,10,129
282,590720,1b3o,P12268,B,140,159,140,159
283,590721,1b3o,P12268,B,178,400,178,400
284,590722,1b3o,P12268,B,449,499,449,499
285,682295,6ua4,P12268,A,11,420,11,420
286,682296,6ua4,P12268,A,437,514,437,514
287,682297,6ua4,P12268,B,11,420,11,420
288,682298,6ua4,P12268,B,437,514,437,514
289,682299,6ua4,P12268,C,11,420,11,420
290,682300,6ua4,P12268,C,437,514,437,514
291,682301,6ua4,P12268,D,11,420,11,420
292,682302,6ua4,P12268,D,437,514,437,514
293,682303,6ua4,P12268,E,11,420,11,420
294,682304,6ua4,P12268,E,437,514,437,514
295,682305,6ua4,P12268,F,11,420,11,420
296,682306,6ua4,P12268,F,437,514,437,514
297,682307,6ua4,P12268,G,11,420,11,420
298,682308,6ua4,P12268,G,437,514,437,514
299,682309,6ua4,P12268,H,11,420,11,420
300,682310,6ua4,P12268,H,437,514,437,514
301,682311,6ua4,P12268,I,1,14,1,14
302,682312,6ua4,P12268,J,1,14,1,14
303,682313,6ua4,P12268,K,1,14,1,14
304,682314,6ua4,P12268,L,1,14,1,14
305,682315,6ua4,P12268,M,1,14,1,14
306,682316,6ua4,P12268,N,1,14,1,14
307,682317,6ua4,P12268,O,1,14,1,14
308,682318,6ua4,P12268,P,1,14,1,14
309,694016,1jr1,P12269,A,17,120,17,120
310,694017,1jr1,P12269,A,125,128,125,128
311,694018,1jr1,P12269,A,131,134,131,134
312,694019,1jr1,P12269,A,150,155,150,155
313,694020,1jr1,P12269,A,178,205,178,205
314,694021,1jr1,P12269,A,209,420,209,420
315,694022,1jr1,P12269,A,437,514,437,514
316,694023,1jr1,P12269,B,11,112,11,112
317,694024,1jr1,P12269,B,233,420,233,420
318,694025,1jr1,P12269,B,437,514,437,514
319,695451,1nfb,P12268,A,10,123,10,123
320,695452,1nfb,P12268,A,141,152,141,152
321,695453,1nfb,P12268,A,188,217,188,217
322,695454,1nfb,P12268,A,219,223,219,223
323,695455,1nfb,P12268,A,230,414,230,414
324,695456,1nfb,P12268,A,449,498,449,498
325,695457,1nfb,P12268,B,10,123,10,123
326,695458,1nfb,P12268,B,141,152,141,152
327,695459,1nfb,P12268,B,188,217,188,217
328,695460,1nfb,P12268,B,219,223,219,223
329,695461,1nfb,P12268,B,230,414,230,414
330,695462,1nfb,P12268,B,449,498,449,498
331,703545,2gjl,Q9I4V0,A,3,326,3,326
332,764156,6bka,Q12723,A,1,374,1,374
333,780467,6u8e,P12268,A,1,110,1,110
334,780468,6u8e,P12268,A,234,420,234,420
335,780469,6u8e,P12268,A,437,514,437,514
336,780470,6u8e,P12268,B,1,110,1,110
337,780471,6u8e,P12268,B,234,420,234,420
338,780472,6u8e,P12268,B,437,514,437,514
339,780473,6u8e,P12268,C,1,110,1,110
340,780474,6u8e,P12268,C,234,420,234,420
341,780475,6u8e,P12268,C,437,514,437,514
342,780476,6u8e,P12268,D,1,110,1,110
343,780477,6u8e,P12268,D,234,420,234,420
344,780478,6u8e,P12268,D,437,514,437,514
345,780479,6u8e,P12268,E,1,110,1,110
346,780480,6u8e,P12268,E,234,420,234,420
347,780481,6u8e,P12268,E,437,514,437,514
348,780482,6u8e,P12268,F,1,110,1,110
349,780483,6u8e,P12268,F,234,420,234,420
350,780484,6u8e,P12268,F,437,514,437,514
351,780485,6u8e,P12268,G,1,110,1,110
352,780486,6u8e,P12268,G,234,420,234,420
353,780487,6u8e,P12268,G,437,514,437,514
354,780488,6u8e,P12268,H,1,110,1,110
355,780489,6u8e,P12268,H,234,420,234,420
356,780490,6u8e,P12268,H,437,514,437,514
357,780642,6udq,P12268,A,12,420,12,420
358,780643,6udq,P12268,A,437,514,437,514
359,780644,6udq,P12268,B,12,420,12,420
360,780645,6udq,P12268,B,437,514,437,514
361,780646,6udq,P12268,C,12,420,12,420
362,780647,6udq,P12268,C,437,514,437,514
363,780648,6udq,P12268,D,12,420,12,420
364,780649,6udq,P12268,D,437,514,437,514
365,780650,6udq,P12268,E,11,420,11,420
366,780651,6udq,P12268,E,437,514,437,514
367,780652,6udq,P12268,F,11,420,11,420
368,780653,6udq,P12268,F,437,514,437,514
369,780654,6udq,P12268,G,11,420,11,420
370,780655,6udq,P12268,G,437,514,437,514
371,780656,6udq,P12268,H,11,420,11,420
372,780657,6udq,P12268,H,437,514,437,514
373,780658,6udq,P12268,I,1,14,1,14
374,780659,6udq,P12268,J,1,14,1,14
375,780660,6udq,P12268,K,1,14,1,14
376,780661,6udq,P12268,L,1,14,1,14
